,alkane,methyl,alkene,alkyne,alcohols,amines,nitriles,aromatics,alkyl halides,esters,ketones,aldehydes,carboxylic acids,ether,acyl halides,amides,nitro
0,0.9837530812143228,0.9848097879597394,0.9675418487475225,0.9286757700857415,0.9873158868935098,0.9811256859991435,0.8761656530553142,0.9968537744654575,0.973970533033033,0.9957784789112042,0.9792430454093555,0.9694762593127989,0.9859100033130005,0.9927338075385739,0.9645820433436533,0.9769818947326758,0.991349663278698
