,alkane,methyl,alkene,alkyne,alcohols,amines,nitriles,aromatics,alkyl halides,esters,ketones,aldehydes,carboxylic acids,ether,acyl halides,amides,nitro
0,0.9860653107317093,0.9799625120290402,0.9674534405188293,0.9651525126179504,0.98686938268171,0.9838212599751447,0.9208163952185873,0.9948358085023697,0.9720654925000435,0.9957723413368269,0.9821989202657807,0.9708976006855184,0.991074410062333,0.9899291112100921,0.9432779906343125,0.9706929654187038,0.995477254464782
